Country Name,1999,2000,2001,2002,2003,2004,2005,2006,2007,2008,2009,2010,2011,2012,2013,2014,2015,2016,2017,2018
Aruba,1722798883,1873452514,1920111732,1941340782,2021229050,2228491620,2330726257,2424581006,2615083799,2745251397,2498882682,2390502793,2549720670,2534636872,2581564246,2649720670,2691620112,2646927374,2700558659,
Afghanistan,,,,4055176933,4515563414,5226775163,6209140044,6971286732,9747886105,10109218068,12439087077,15856574731,17804280538,20001615789,20561054090,20484873230,19907111419,19362642267,20191764940,19362969582
Angola,6152922943,9129594819,8936063723,15285594828,17812705294,23552052408,36970918699,52381006892,65266452081,88538611205,70307163678,83799496611,1.1179E+11,1.28053E+11,1.3671E+11,1.45712E+11,1.16194E+11,1.01124E+11,1.22124E+11,1.05751E+11
Albania,3212119044,3480355189,3922099471,4348070165,5611492283,7184681399,8052075642,8896073938,10677321490,12881353985,12044223458,11926962835,12890867536,12319784701,12776277649,13228244336,11386927679,11861353752,13025064967,15102500898
Andorra,1239876305,1434429703,1496912752,1733116883,2398645598,2935659300,3255789081,3543256806,4016972351,4007353157,3660530703,3355695364,3442062830,3164615187,3281585236,3350736367,2811489409,2877311947,3013387424,3236543909
Arab World,6.4396E+11,7.35131E+11,7.2337E+11,7.29107E+11,8.2329E+11,9.6432E+11,1.18523E+12,1.40483E+12,1.63846E+12,2.07896E+12,1.79648E+12,2.11027E+12,2.5022E+12,2.78751E+12,2.86781E+12,2.9089E+12,2.5579E+12,2.51052E+12,2.58651E+12,2.77431E+12
United Arab Emirates,84445473111,1.04337E+11,1.03312E+11,1.09816E+11,1.24346E+11,1.47824E+11,1.80617E+11,2.22117E+11,2.57916E+11,3.15475E+11,2.53547E+11,2.89787E+11,3.50666E+11,3.74591E+11,3.90108E+11,4.03137E+11,3.58135E+11,3.57045E+11,3.77701E+11,4.14179E+11
Argentina,2.83523E+11,2.84204E+11,2.68697E+11,97724004252,1.27587E+11,1.64658E+11,1.98737E+11,2.32557E+11,2.87531E+11,3.61558E+11,3.32976E+11,4.23627E+11,5.30163E+11,5.45982E+11,5.52025E+11,5.2632E+11,5.94749E+11,5.57531E+11,6.42696E+11,5.19872E+11
Armenia,1845482181,1911563665,2118467913,2376335048,2807061009,3576615240,4900469950,6384451606,9206301700,11662040714,8647936748,9260284938,10142111334,10619320049,11121465767,11609512940,10553337673,10546135160,11527458566,12433089919
American Samoa,,,,514000000,527000000,512000000,503000000,496000000,520000000,563000000,678000000,576000000,574000000,644000000,641000000,642000000,661000000,652000000,602000000,636000000
Antigua and Barbuda,766198925.9,830158777.8,800740259.3,814615333.3,855643111.1,919577148.1,1022191296,1157005444,1311401333,1368431037,1224253000,1148700000,1137637037,1199948148,1181448148,1249733333,1336692593,1436585185,1467977778,1610574074
Australia,3.88608E+11,4.15223E+11,3.78376E+11,3.94649E+11,4.66488E+11,6.1249E+11,6.93408E+11,7.46054E+11,8.531E+11,1.054E+12,9.27805E+11,1.14614E+12,1.39665E+12,1.54615E+12,1.57618E+12,1.46748E+12,1.35169E+12,1.20885E+12,1.33014E+12,1.4339E+12
Austria,2.17186E+11,1.968E+11,1.97338E+11,2.13378E+11,2.61696E+11,3.00904E+11,3.15974E+11,3.35999E+11,3.88691E+11,4.30294E+11,4.00172E+11,3.91893E+11,4.3112E+11,4.09425E+11,4.30069E+11,4.41996E+11,3.81818E+11,3.95228E+11,4.17283E+11,4.55286E+11
Azerbaijan,4581246713,5272617196,5707720391,6235856820,7276013032,8680370408,13245716099,20982986344,33050343783,48852482960,44291490421,52902703376,65951627200,69683935845,74164435946,75244294275,53074468085,37867518957,40865558912,46939529412
Burundi,808077223.4,870486065.9,876794723.1,825394490.2,784654423.6,915257323.4,1117113046,1273375020,1356199365,1611835902,1781455092,2032135247,2235820868,2333308099,2451625333,2705783272,3104394858,2959640987,3172292379,3036931818
Belgium,2.58159E+11,2.36205E+11,2.36541E+11,2.57158E+11,3.17382E+11,3.68537E+11,3.85571E+11,4.07918E+11,4.70324E+11,5.15224E+11,4.81346E+11,4.80952E+11,5.22646E+11,4.96181E+11,5.21643E+11,5.34678E+11,4.6215E+11,4.76057E+11,5.03005E+11,5.42761E+11
Benin,2689787918,2569186643,2680213931,3054571082,3905366188,4521424807,4803702821,5142380779,5969535132,7132787397,7097198712,6977040762,7824320327,8152088222,9159958826,9720362615,8294490789,8578984066,9269594835,10354274635
Burkina Faso,2993753187,2628920056,2812845514,3205592290,4205691222,4838551100,5462709498,5816310158,6771277871,8369637065,8369175126,8979966766,10724063458,11166063467,11947176342,12377391463,10419303761,10867024152,12330338343,14124775069
Bangladesh,51270569884,53369787319,53991289844,54724081491,60158929188,65108544250,69442943089,71819083684,79611888213,91631278239,1.02478E+11,1.15279E+11,1.28638E+11,1.33356E+11,1.4999E+11,1.72885E+11,1.95079E+11,2.21415E+11,2.49724E+11,2.74025E+11
Bulgaria,13531969309,13153016531,14075616789,16276456428,20982685981,25957970922,29636617750,34130122491,44411476557,54409138498,51884481410,50610058210,57418414504,53903022339,55555171010,56814543481,50201314895,53240950226,58220973783,65132951116
Bahrain,6621010372,9062898936,8976196809,9593510638,11074813830,13150159574,15968723404,18504760638,21730000000,25710877660,22938218085,25713271277,28776622340,30749335106,32539547872,33387686170,31125877660,32250132979,35432686170,37746196809
"Bahamas, The",7683870000,8076470000,8317830000,8881160000,8870090000,9055290000,9836200000,10167250000,10618340000,10526000000,9981960000,10095760000,10070450000,10720500000,10562700000,10913300000,11752300000,11938400000,12150400000,12424500000
Bosnia and Herzegovina,4685733115,5505887894,5748993411,6651106833,8369878823,10596205714,11222953519,12864610994,15778767670,19112739664,17613836210,17176781337,18644723861,17226849297,18178503835,18558343508,16211540686,16913330694,18080118128,20161865419
Belarus,12138486532,12736856828,12354820144,14594249023,17827791321,23144351852,30207567317,36954312354,45277399814,60763483146,50874078052,58665088956,61757788945,65685102555,75527984234,78813839984,56454734397,47722657821,54726595249,59662495092
Belize,732732350,832072450,871860600,932551850,990374050,1057845500,1114202700,1217442150,1290542550,1368625150,1335217500,1377179137,1460800212,1522899790,1579413515,1662802599,1723785357,1775100179,1836593466,1871203164
Bermuda,3324433000,3480219000,3680483000,3937228000,4186525000,4484703000,4868136000,5414299000,5895048000,6109928000,5806378000,5744414000,5550771000,5537537000,5573710000,,,,,
Bolivia,8285075872,8397912509,8141537938,7905485216,8082364868,8773451739,9549077869,11451869165,13120183157,16674324634,17339992165,19649631451,23963033588,27084497540,30659338784,32996188133,33000198263,33941126194,37508642258,40287647757
Brazil,5.99389E+11,6.55421E+11,5.59372E+11,5.07962E+11,5.5832E+11,6.69317E+11,8.9163E+11,1.10764E+12,1.39708E+12,1.69582E+12,1.66702E+12,2.20887E+12,2.6162E+12,2.46519E+12,2.47281E+12,2.45599E+12,1.80221E+12,1.79628E+12,2.05359E+12,1.86863E+12
Barbados,3012081738,3121500000,3116650000,3169600000,3274850000,3514350000,3897300000,4217450800,4674007450,4784925100,4465657300,4529928300,4657699450,4610096000,4677248300,4696344350,4725500000,4840500000,4989500000,5145000000
Brunei Darussalam,4600000000,6001153306,5601090584,5843329108,6557333085,7872333215,9531402848,11470703002,12247694247,14393099069,10732366286,13707370737,18525319978,19048495519,18093829923,17098342541,12930394938,11400854268,12128104859,13567351175
Bhutan,419035810.5,424464089,461444514.5,520849551.3,604041958.4,682523857.6,796938119.7,874989894.6,1168308517,1227808790,1234014292,1547991318,1777101316,1781281281,1756215666,1907090813,2003598213,2158972128,2450364929,2446674101
Botswana,5484257417,5788329609,5489608300,5438857107,7511582173,8957467707,9931134941,10126940513,10939053365,10945070442,10267133178,12786654366,15351972230,16067155187,14901750765,16250750259,14420604206,15646316818,17405538618,18616018903
Central African Republic,999477510.7,914500299.1,931833302.8,991387870.1,1139754799,1270080251,1337362392,1460561215,1697565949,1985240986,2059094048,2140503193,2434792413,2510270268,1691063477,1892292912,1695143880,1823779165,2067230996,2219894702
Canada,6.76084E+11,7.42295E+11,7.3638E+11,7.57951E+11,8.92382E+11,1.0232E+12,1.16936E+12,1.31542E+12,1.46498E+12,1.54913E+12,1.37115E+12,1.61354E+12,1.78914E+12,1.82397E+12,1.84202E+12,1.80148E+12,1.5529E+12,1.52671E+12,1.64687E+12,1.71334E+12
Central Europe and the Baltics,4.33962E+11,4.27456E+11,4.6792E+11,5.2716E+11,6.32781E+11,7.61646E+11,8.84988E+11,1.00125E+12,1.26498E+12,1.53058E+12,1.28824E+12,1.31343E+12,1.44668E+12,1.35267E+12,1.42273E+12,1.46559E+12,1.28964E+12,1.317E+12,1.45718E+12,1.63291E+12
Switzerland,2.89913E+11,2.72055E+11,2.78631E+11,3.01417E+11,3.52915E+11,3.94164E+11,4.08689E+11,4.30921E+11,4.79913E+11,5.54363E+11,5.41506E+11,5.83783E+11,6.9958E+11,6.68043E+11,6.88504E+11,7.09182E+11,6.79832E+11,6.71309E+11,6.79951E+11,7.0514E+11
Channel Islands,6262740657,6439703435,6232906290,6663669065,7332244898,8553643354,8827272727,9676172953,11514605842,,,,,,,,,,,
Chile,75173794497,77860932152,70979923960,69736811435,75643459840,99210392858,1.22965E+11,1.54788E+11,1.73606E+11,1.79638E+11,1.72389E+11,2.18538E+11,2.52252E+11,2.67122E+11,2.78384E+11,2.60542E+11,2.43919E+11,2.5034E+11,2.77746E+11,2.98231E+11
China,1.094E+12,1.21135E+12,1.3394E+12,1.47055E+12,1.66029E+12,1.95535E+12,2.28597E+12,2.75213E+12,3.55034E+12,4.59431E+12,5.1017E+12,6.08716E+12,7.5515E+12,8.53223E+12,9.57041E+12,1.04385E+13,1.10155E+13,1.11379E+13,1.21435E+13,1.36082E+13
Cote d'Ivoire,12376639823,10717022463,11192560827,12346919216,15306602560,16554441847,17084928927,17800887796,20343635320,24224903100,24277493862,24884505035,25381616734,26790579775,31264187110,35316491207,33131114322,35296977344,38053606751,43007047822
Cameroon,11198378749,10083937740,10371327756,11579343088,14548845765,17430933517,17944084201,19356046328,22365265026,26409781215,26017925552,26143818510,29337006833,29104437355,32348149947,34942948737,30916218544,32621535419,34922782311,38675205293
"Congo, Dem. Rep.",4711259427,19088046306,7438189100,8728038525,8937567060,10297483481,11964484668,14451902468,16737071816,19788515874,18648373312,21565720044,25839749199,29306235826,32679745298,35909040266,37917704900,37134799975,38019265626,47227535291
"Congo, Rep.",2353909564,3219910550,2794259783,3019993739,3495868808,4648628921,6087003176,7731261311,8394688284,11859013281,9593537551,12007880439,14425607180,13677930124,14085851348,14177437982,8553154580,9035848071,8701334800,11263682694
Colombia,86186158685,99886577331,98211749596,97963003805,94641378693,1.17082E+11,1.45181E+11,1.6119E+11,2.05707E+11,2.41711E+11,2.32494E+11,2.86104E+11,3.34454E+11,3.70574E+11,3.81867E+11,3.81112E+11,2.93482E+11,2.82825E+11,3.1179E+11,3.31047E+11
Comoros,382454989.9,350264287.7,378180913.4,423962976.7,545658929,632570092.2,653584808.7,697810988.1,794621676.5,911967428.7,901711442.3,907093130.3,1021746833,1015901205,1115906342,1148058015,965640593,1012147324,1074778461,1177955049
Cabo Verde,592416703.1,539227277.6,563024383.3,620974660.2,813963830.2,924318490.8,971977088.2,1107891063,1513933983,1789333749,1711817182,1664310770,1865915544,1741809809,1850470042,1859898513,1596800287,1663008687,1769787215,1976814277
Costa Rica,14195623343,14949514493,15913363441,16504795593,17196009811,18528955525,19948261084,22602721765,26743972564,30612927059,30562361123,37268614024,42262697840,46473128286,49745088112,50577769838,54775994479,57157992434,58174549218,60130106116
Caribbean small states,31872310302,34177854568,35220883618,36957890226,39498913009,43222083510,48878881371,54606931072,60908386444,69109699222,58164549489,63277133287,68420393697,70684558867,72051031654,72989135760,71648867904,68106378710,69602182809,73523538155
Cuba,28364615200,30565400000,31682400000,33590500000,35901200000,38203000000,42643836100,52742800000,58603900000,60806300000,62080000000,64328000000,68990000000,73141000000,77148000000,80656000000,87133000000,91370000000,96851000000,1.00023E+11
Curacao,,,,,,,,,,,,,3038699609,3131096089,3147616201,3158406034,3151910782,3122287933,3116610112,3127908038
Cayman Islands,,,,,,,2315972639,4227798032,4466503540,4586172567,4281813033,4156935677,4186223809,4291159006,4405954638,4563017881,4708336733,4898908676,5141833913,
Cyprus,10497908306,9985844486,10397897086,11420227885,14547325028,17320552500,18433411267,20072786351,23968764030,27844698989,25945391775,25732432719,27565469098,24978513427,23900872626,23128114787,19779150116,20890936462,22638608224,24961988663
Czech Republic,64867483193,61649492817,67523642262,81910771994,99627140274,1.19162E+11,1.36281E+11,1.55464E+11,1.89227E+11,2.35719E+11,2.0618E+11,2.07478E+11,2.27948E+11,2.07376E+11,2.09402E+11,2.07818E+11,1.8683E+11,1.9509E+11,2.15914E+11,2.45226E+11
Germany,2.1942E+12,1.94315E+12,1.94411E+12,2.06862E+12,2.49613E+12,2.80919E+12,2.8458E+12,2.9922E+12,3.42123E+12,3.73003E+12,3.39779E+12,3.39635E+12,3.74441E+12,3.52734E+12,3.73274E+12,3.88392E+12,3.36055E+12,3.46679E+12,3.65675E+12,3.94762E+12
Djibouti,536080148.1,551230861.9,572417440.8,591122039.6,622044665.5,666072101.8,708633194.7,768873684,847918929.1,999105339.3,1049110685,1128611700,1239144502,1353632942,2042817163,2216200810,2445484583,2618587757,2766868072,2955912228
Dominica,331759000,333468888.9,340205074.1,333195185.2,343310666.7,367199111.1,364255074.1,390250148.1,421375851.9,458190185.2,489074333.3,493824407.4,501025296.3,485998000,498296296.3,520207407.4,540737037,576229629.6,519837037,550892592.6
Denmark,1.77965E+11,1.64159E+11,1.64791E+11,1.78635E+11,2.18096E+11,2.51373E+11,2.64467E+11,2.82885E+11,3.19423E+11,3.53361E+11,3.21241E+11,3.21995E+11,3.44003E+11,3.27149E+11,3.43584E+11,3.52994E+11,3.02673E+11,3.13116E+11,3.29417E+11,3.55675E+11
Dominican Republic,22137599986,24305116729,25599311449,27362875603,21642882856,22692574473,36119047252,38116351526,43965459070,48122601589,48261079523,53860187453,58029773801,60681535893,62682158701,67179956264,71164826721,75704647977,79998045976,85555390387
Algeria,48639108361,54786074940,54743249369,56758113501,67866141224,85324767230,1.03198E+11,1.17031E+11,1.34979E+11,1.70998E+11,1.37215E+11,1.61205E+11,2.00015E+11,2.09063E+11,2.09755E+11,2.13809E+11,1.65978E+11,1.60033E+11,1.6739E+11,1.73758E+11
East Asia & Pacific (excluding high income),1.57645E+12,1.73518E+12,1.84615E+12,2.04328E+12,2.31274E+12,2.68212E+12,3.10708E+12,3.74232E+12,4.73092E+12,5.98764E+12,6.49073E+12,7.86899E+12,9.61477E+12,1.07213E+13,1.18277E+13,1.2714E+13,1.32281E+13,1.34624E+13,1.4651E+13,1.62845E+13
Early-demographic dividend,3.03848E+12,3.29546E+12,3.26321E+12,3.16881E+12,3.5249E+12,4.09479E+12,4.77363E+12,5.47117E+12,6.4876E+12,7.3083E+12,7.03785E+12,8.55482E+12,9.59345E+12,1.00585E+13,1.02425E+13,1.05967E+13,1.02817E+13,1.05176E+13,1.13762E+13,1.16389E+13
East Asia & Pacific,7.65547E+12,8.28059E+12,7.70146E+12,7.82365E+12,8.60133E+12,9.64609E+12,1.02925E+13,1.09156E+13,1.22085E+13,1.40997E+13,1.45248E+13,1.69332E+13,1.96309E+13,2.10099E+13,2.12452E+13,2.18813E+13,2.17616E+13,2.24629E+13,2.39325E+13,2.59424E+13
Europe & Central Asia (excluding high income),6.26844E+11,6.97944E+11,6.93216E+11,7.93295E+11,9.99962E+11,1.32494E+12,1.68078E+12,2.06364E+12,2.67281E+12,3.31074E+12,2.60332E+12,3.10776E+12,3.8432E+12,4.07052E+12,4.32734E+12,4.03728E+12,3.08965E+12,2.96106E+12,3.32377E+12,3.4107E+12
Europe & Central Asia,1.06555E+13,1.00286E+13,1.01387E+13,1.10836E+13,1.34936E+13,1.57298E+13,1.6749E+13,1.81382E+13,2.11925E+13,2.32651E+13,2.04641E+13,2.09606E+13,2.32457E+13,2.24062E+13,2.34168E+13,2.37334E+13,2.04461E+13,2.0384E+13,2.15518E+13,2.30684E+13
Ecuador,19645272636,18327764882,24468324000,28548945000,32432858000,36591661000,41507085000,46802044000,51007777000,61762635000,62519686000,69555367000,79276664000,87924544000,95129659000,1.01726E+11,99290381000,99937696000,1.04296E+11,1.08398E+11
"Egypt, Arab Rep.",90710704807,99838543960,97632008710,87850683979,82924503943,78845185293,89685725230,1.07484E+11,1.30479E+11,1.62818E+11,1.88982E+11,2.18888E+11,2.36002E+11,2.79373E+11,2.88586E+11,3.0553E+11,3.32698E+11,3.32928E+11,2.35369E+11,2.50895E+11
Euro area,7.11397E+12,6.47974E+12,6.59069E+12,7.16637E+12,8.84289E+12,1.01414E+13,1.05191E+13,1.11743E+13,1.28623E+13,1.4099E+13,1.28856E+13,1.26282E+13,1.36224E+13,1.26389E+13,1.31895E+13,1.34901E+13,1.16723E+13,1.19652E+13,1.26223E+13,1.36466E+13
Eritrea,688921325.7,706370815.6,752368495.5,729321366.7,870247703.2,1109054005,1098425901,1211161880,1317974491,1380188800,1856695551,2117039512,2607739837,,,,,,,
Spain,6.34693E+11,5.96878E+11,6.27287E+11,7.05394E+11,9.05492E+11,1.06709E+12,1.15329E+12,1.25934E+12,1.47213E+12,1.62522E+12,1.48558E+12,1.42072E+12,1.47877E+12,1.32482E+12,1.35476E+12,1.3694E+12,1.19512E+12,1.23208E+12,1.30931E+12,1.41904E+12
Estonia,5762048126,5694069842,6259258258,7372457191,9877636518,12144397516,14098326328,17012321791,22445582946,24371299985,19744110447,19685033799,23394843529,23192709239,25271407239,26773472962,23048864243,23996451498,26792757827,30732144529
Ethiopia,7700833482,8242392104,8231326016,7850809498,8623691300,10131187261,12401139454,15280861835,19707616773,27066912635,32437389116,29933790334,31952763089,43310721414,47648211133,55612228234,64589334979,74296618481,81760441159,84355604753
European Union,9.60317E+12,8.91588E+12,9.02619E+12,9.83217E+12,1.19622E+13,1.38131E+13,1.44409E+13,1.54136E+13,1.7808E+13,1.91571E+13,1.71183E+13,1.70154E+13,1.83996E+13,1.73394E+13,1.80774E+13,1.8695E+13,1.64738E+13,1.65763E+13,1.73674E+13,1.87681E+13
Fragile and conflict affected situations,,2.19764E+11,2.01683E+11,1.93863E+11,2.20187E+11,2.56072E+11,3.10999E+11,3.67992E+11,4.52555E+11,5.85169E+11,5.45976E+11,6.50133E+11,7.08206E+11,8.20361E+11,8.57109E+11,8.60816E+11,7.74984E+11,7.58695E+11,8.43759E+11,8.41433E+11
Finland,1.35218E+11,1.25707E+11,1.29421E+11,1.39738E+11,1.71274E+11,1.97117E+11,2.04809E+11,2.16908E+11,2.56053E+11,2.84554E+11,2.52497E+11,2.49181E+11,2.75244E+11,2.58305E+11,2.71285E+11,2.74497E+11,2.34585E+11,2.4057E+11,2.54435E+11,2.76743E+11
Fiji,1942170999,1684109743,1660102346,1842691481,2315935753,2727507213,3006725015,3102741451,3405050612,3523185920,2870624636,3140508836,3774530616,3972012571,4190143206,4856963230,4682546863,4930204220,5353404419,5536759659
France,1.49265E+12,1.36225E+12,1.37647E+12,1.49429E+12,1.84048E+12,2.11574E+12,2.19613E+12,2.31859E+12,2.65721E+12,2.91838E+12,2.69022E+12,2.64261E+12,2.86141E+12,2.68383E+12,2.81108E+12,2.85217E+12,2.43821E+12,2.47129E+12,2.58629E+12,2.77754E+12
Faroe Islands,1120280382,1058702725,1147654635,1262669892,1494011567,1688237552,1727792693,1984445416,2290133549,2432415998,2268387771,2320424601,2490807831,2366301252,2627049837,2850743875,2518096286,2689157271,,
"Micronesia, Fed. Sts.",220140471.8,233271799.5,240970949,242517241.2,245432897.2,240236020.6,250281881.2,253541864.2,256787150.9,263145104.6,280284568.1,296944122,311301557.1,327248654.8,317214350.1,319271156.4,316489947.5,332265162.5,366666808.6,401932279
Gabon,4662992036,5067865321,5018874179,5310381151,6497305662,7756293575,9578973591,10318424464,12438956756,15508574820,12065138273,14358584300,18186478120,17171447372,17590745162,18179752010,14377324798,14014369642,14892609693,16853589311
United Kingdom,1.6824E+12,1.65782E+12,1.64025E+12,1.78447E+12,2.05302E+12,2.41693E+12,2.53868E+12,2.71375E+12,3.10088E+12,2.92267E+12,2.41091E+12,2.47524E+12,2.65931E+12,2.70489E+12,2.78602E+12,3.0638E+12,2.92859E+12,2.69428E+12,2.66623E+12,2.8553E+12
Georgia,2800026339,3057475289,3219488664,3395728014,3991284895,5125365192,6410823633,7745394293,10172882371,12795076469,10766836277,12243505583,15107441447,16488403076,17189491403,17627060089,14953950557,15141758567,16242956764,17599660629
Ghana,7719354839,4983024408,5314909954,6166330136,7632406553,8881368538,10731634117,20409668522,24758819718,28526891010,25977847814,32174772956,39566292433,41939728979,63277216929,53601126664,49181854798,55009730600,58996776238,65556464048
Gibraltar,,,,,,,,,,,,,,,,,,,,
Guinea,3461282294,2995360969,2833442750,2949637039,3446442219,3666349049,2937071767,4220019243,6281917656,6964179194,6716904569,6853467858,6785137173,7638045254,8376613843,8778473615,8794202444,8603833218,10324668267,10907214994
"Gambia, The",814723460.1,782915402.4,687408804.6,578236035.1,487038821.6,961900106.9,1027702254,1054113427,1279704745,1561763437,1450140386,1543292393,1409694554,1415006238,1375608956,1229460602,1378176868,1467255923,1504954958,1632823199
Guinea-Bissau,224446663.8,370173838.7,392278168.2,415843482,476388260.6,531109356.2,586795675.4,591839470.7,695990208.4,864654795.3,826798659.8,849050127.5,1098379392,989327811.8,1045790133,1053512334,1047808175,1178204501,1346841897,1458156026
Equatorial Guinea,621117885.7,1045998496,1461139022,1806742742,2484745935,4410764339,8217369093,10086528699,13071718759,19749893536,15027795173,16298542028,21329395901,22389626329,21942597765,21736500713,13180195435,11233177619,12289913729,13432377050
Greece,1.42541E+11,1.30134E+11,1.36191E+11,1.53831E+11,2.01924E+11,2.40521E+11,2.47783E+11,2.73318E+11,3.18498E+11,3.54461E+11,3.3E+11,2.99362E+11,2.87798E+11,2.45671E+11,2.39862E+11,2.3703E+11,1.96591E+11,1.95222E+11,2.03086E+11,2.18032E+11
Grenada,482009370.4,520044370.4,520444185.2,540336925.9,591018407.4,599118592.6,695370296.3,698700666.7,758683592.6,825976037,771275555.6,771013259.3,778655925.9,799882259.3,842620111.1,911497407.4,997007925.9,1061631222,1126882296,1185925926
Greenland,1131561595,1068030830,1086172923,1169138789,1558753434,1822486689,1849805733,2013099482,2249811709,2499107511,2529948330,2503156061,2684467376,2609667674,2684952727,2842048998,2499115623,2707146783,,
Guatemala,18318412251,19288827159,18702802522,20776403774,21917430694,23965275794,27211377107,30231249625,34113107372,39136436614,37733609795,41338008613,47654783852,50388460925,53851153447,58722323918,63767597194,68663649522,75620081928,78460447920
Guam,,,,3385000000,3560000000,3857000000,4197000000,4213000000,4375000000,4621000000,4781000000,4895000000,4928000000,5199000000,5336000000,5538000000,5710000000,5795000000,5851000000,5920000000
Guyana,694754988.3,712667896.7,712167575.6,726131434.7,743064076.8,787814379.2,824880550.3,1458453715,1740180444,1916994912,2061323854,2273225042,2576024116,2861562266,2987684170,3077643314,3197220339,3504024213,3555205811,3878662621
High income,2.7045E+13,2.75915E+13,2.73303E+13,2.8482E+13,3.19262E+13,3.55358E+13,3.75812E+13,3.96933E+13,4.34055E+13,4.61375E+13,4.32756E+13,4.53567E+13,4.89617E+13,4.90166E+13,4.96104E+13,5.06914E+13,4.78868E+13,4.88829E+13,5.10384E+13,5.42057E+13
"Hong Kong SAR, China",1.65768E+11,1.71668E+11,1.69403E+11,1.66349E+11,1.61385E+11,1.691E+11,1.8157E+11,1.93536E+11,2.11597E+11,2.1928E+11,2.14046E+11,2.28638E+11,2.48514E+11,2.62629E+11,2.75697E+11,2.91459E+11,3.09384E+11,3.20861E+11,3.41687E+11,3.62682E+11
Honduras,6414520530,7103507989,7565869928,7775078403,8140271081,8772146605,9672035709,10841742348,12275501784,13789715133,14587496229,15839344592,17710315006,18528601901,18499710128,19756494435,20979767785,21717622071,23100748922,23969890431
Heavily indebted poor countries (HIPC),1.516E+11,1.62903E+11,1.55233E+11,1.67013E+11,1.90271E+11,2.19237E+11,2.49284E+11,2.96816E+11,3.559E+11,4.29551E+11,4.31709E+11,4.77009E+11,5.33467E+11,5.73628E+11,6.39262E+11,6.75762E+11,6.63496E+11,6.7987E+11,7.55221E+11,7.29218E+11
Croatia,23400480898,21669159308,23179799796,26815719603,34686547353,41594418574,45386757883,50454899071,60182977533,70288911413,62666161453,59807966533,62354235671,56494436183,58056951042,57642879510,49530656285,51596929180,55319620158,60971699315
Haiti,4153736347,3953846311,3596443005,3472191962,2960306121,3537720277,4310358096,4756204070,5885325590,6548530572,6584649419,6622541529,7516834160,7890647022,8485077205,8775444942,8724656126,7970649131,8409497402,9658721169
Hungary,49073380174,47218405892,53749989092,67608919144,85302003908,1.0396E+11,1.12981E+11,1.15577E+11,1.39966E+11,1.58136E+11,1.3076E+11,1.31136E+11,1.4111E+11,1.28154E+11,1.35409E+11,1.40559E+11,1.2453E+11,1.27507E+11,1.41511E+11,1.57883E+11
IBRD only,5.34149E+12,5.80481E+12,5.89025E+12,5.98328E+12,6.73609E+12,8.01496E+12,9.58537E+12,1.1368E+13,1.41311E+13,1.69632E+13,1.64612E+13,1.99914E+13,2.36183E+13,2.51073E+13,2.65357E+13,2.74041E+13,2.58698E+13,2.60217E+13,2.86502E+13,3.04732E+13
IDA & IBRD total,5.7614E+12,6.2631E+12,6.34462E+12,6.47238E+12,7.28624E+12,8.66154E+12,1.03378E+13,1.22879E+13,1.52112E+13,1.826E+13,1.77297E+13,2.14619E+13,2.52968E+13,2.69211E+13,2.85258E+13,2.95451E+13,2.79659E+13,2.80771E+13,3.08131E+13,3.2695E+13
IDA total,4.21584E+11,4.60241E+11,4.56092E+11,4.91469E+11,5.52856E+11,6.49756E+11,7.55907E+11,9.24571E+11,1.08489E+12,1.30261E+12,1.27442E+12,1.47465E+12,1.68091E+12,1.81771E+12,1.99701E+12,2.15191E+12,2.10843E+12,2.06607E+12,2.17139E+12,2.22947E+12
IDA blend,1.83402E+11,2.00555E+11,2.0133E+11,2.22642E+11,2.50053E+11,3.06065E+11,3.67264E+11,4.73936E+11,5.47458E+11,6.51562E+11,6.0866E+11,7.17963E+11,8.31778E+11,9.1579E+11,9.94368E+11,1.07901E+12,1.02497E+12,9.49706E+11,9.42371E+11,9.93778E+11
Indonesia,1.40001E+11,1.65021E+11,1.60447E+11,1.95661E+11,2.34772E+11,2.56837E+11,2.85869E+11,3.64571E+11,4.32217E+11,5.10229E+11,5.3958E+11,7.55094E+11,8.92969E+11,9.1787E+11,9.12524E+11,8.90815E+11,8.60854E+11,9.31877E+11,1.01542E+12,1.04217E+12
IDA only,2.36792E+11,2.58137E+11,2.53106E+11,2.66777E+11,3.00508E+11,3.40627E+11,3.84739E+11,4.45113E+11,5.31219E+11,6.44266E+11,6.61717E+11,7.50778E+11,8.41189E+11,8.91798E+11,9.92627E+11,1.06145E+12,1.07504E+12,1.11359E+12,1.23169E+12,1.2358E+12
Isle of Man,1567465657,1563667800,1659131244,1947332922,2328658228,2822358473,3032400000,3422651334,4466100440,5928601103,5487083658,5920177689,6566098382,6433357030,6754330155,7428280402,6792417112,6592627599,6770532819,
India,4.5882E+11,4.68395E+11,4.85441E+11,5.14938E+11,6.07699E+11,7.09149E+11,8.20382E+11,9.4026E+11,1.21674E+12,1.1989E+12,1.34189E+12,1.67562E+12,1.82305E+12,1.82764E+12,1.85672E+12,2.03913E+12,2.10359E+12,2.29043E+12,2.65224E+12,2.71873E+12
Not classified,,,,,,,,,,,,,,,,,,,,
Ireland,98692079267,99852958356,1.09135E+11,1.2795E+11,1.64285E+11,1.93871E+11,2.11649E+11,2.32083E+11,2.69918E+11,2.75039E+11,2.36316E+11,2.22149E+11,2.37472E+11,2.24999E+11,2.38544E+11,2.58472E+11,2.915E+11,3.00523E+11,3.34834E+11,3.82487E+11
"Iran, Islamic Rep.",1.13848E+11,1.09592E+11,1.26879E+11,1.28627E+11,1.53545E+11,1.90043E+11,2.26452E+11,2.66299E+11,3.49882E+11,4.06071E+11,4.14059E+11,4.8707E+11,5.835E+11,5.98853E+11,4.67415E+11,4.34475E+11,3.85874E+11,4.18977E+11,4.54013E+11,
Iraq,,,,,,36627901762,49954890353,65140293688,88840050497,1.31614E+11,1.11661E+11,1.38517E+11,1.8575E+11,2.18001E+11,2.34638E+11,2.34648E+11,1.77499E+11,1.74879E+11,1.95473E+11,2.24228E+11
Iceland,8971609106,9003639475,8205357164,9294651863,11414054861,13834751482,16812529924,17216417442,21514962937,17905251832,13164652894,13683689802,15158548597,14724078264,16033517529,17758089312,17344165907,20716024757,24489493459,25878475760
Israel,1.17112E+11,1.32343E+11,1.30756E+11,1.21124E+11,1.26966E+11,1.35477E+11,1.42529E+11,1.54034E+11,1.78959E+11,2.16105E+11,2.07468E+11,2.33996E+11,2.61469E+11,2.5718E+11,2.92636E+11,3.09558E+11,2.99813E+11,3.18951E+11,3.53253E+11,3.70588E+11
Italy,1.25202E+12,1.14383E+12,1.16701E+12,1.27071E+12,1.57415E+12,1.80323E+12,1.85752E+12,1.94792E+12,2.21029E+12,2.39886E+12,2.19124E+12,2.13402E+12,2.29199E+12,2.08708E+12,2.14132E+12,2.15913E+12,1.8359E+12,1.87558E+12,1.95696E+12,2.08386E+12
Jamaica,8851581633,8985352832,9178016493,9694169757,9399447609,10150978155,11204416000,11901911988,12827809965,13680482787,12067478478,13220556883,14444655300,14807086889,14262589158,13897804560,14187696311,14075894320,14806340821,15713908816
Jordan,8263921016,8579280677,9101452750,9716868829,10338730606,11571424542,12765218618,15268053597,17350521862,22279907003,24154000000,26795901408,29244647887,31371056338,34064873239,36329267606,38043450704,39196676056,40708943662,42231295775
Japan,4.56208E+12,4.88752E+12,4.30354E+12,4.11512E+12,4.44566E+12,4.81515E+12,4.75541E+12,4.53038E+12,4.51526E+12,5.03791E+12,5.23138E+12,5.7001E+12,6.15746E+12,6.20321E+12,5.15572E+12,4.85041E+12,4.38948E+12,4.92667E+12,4.85995E+12,4.97132E+12
Kazakhstan,16870817135,18291990619,22152694162,24636593223,30833699703,43151647003,57123671734,81003884545,1.0485E+11,1.33442E+11,1.15309E+11,1.48047E+11,1.92627E+11,2.07999E+11,2.36635E+11,2.21416E+11,1.84388E+11,1.37278E+11,1.66806E+11,1.7934E+11
Kenya,12896013577,12705357103,12986007426,13147743911,14904517650,16095337094,18737897745,25825524821,31958195182,35895153328,37021512049,40000088347,41953433591,50412754861,55096728048,61448046802,64007750179,69188755511,78757391333,87908262520
Kyrgyz Republic,1249061487,1369688498,1525116370,1605643105,1919008090,2211534585,2460248026,2834168889,3802566171,5139957785,4690062255,4794357795,6197766119,6605139933,7335027592,7468096567,6678178340,6813092066,7702934800,8092836609
Cambodia,3517242477,3677897739,3984000517,4284028483,4658246918,5337833248,6293046162,7274595707,8639235842,10351914093,10401851851,11242275199,12829541141,14054443213,15227991395,16702610842,18049954289,20159271965,22180376506,24542474061
Kiribati,69032258.06,67254174.4,63101272.37,72196457.68,90231856.8,102367039.3,112133944.3,110234939.8,132671743,141042610.3,132420059.3,156120895.2,181705002.6,190243321.6,185113921.6,179703443.3,171117872.4,178328873,185572501.5,188284518.8
St. Kitts and Nevis,406597041.5,433520483.4,475443703,497328958.6,486344344.3,529250444.4,577730925.9,657227370.4,723938703.7,793368444.4,767066407.4,760170370.4,817759259.3,800414814.8,839774074.1,916566666.7,923155555.6,971166666.7,996944444.4,1010822222
"Korea, Rep.",4.85248E+11,5.61633E+11,5.33052E+11,6.0902E+11,6.80521E+11,7.64881E+11,8.98137E+11,1.0118E+12,1.12268E+12,1.00222E+12,9.01935E+11,1.0945E+12,1.20246E+12,1.22281E+12,1.3056E+12,1.41133E+12,1.38276E+12,1.4148E+12,1.53075E+12,1.61942E+12
Kuwait,30123850197,37712842243,34887512227,38137545245,47876510067,59439090601,80798630137,1.01549E+11,1.1464E+11,1.47395E+11,1.05963E+11,1.15419E+11,1.54028E+11,1.7407E+11,1.74161E+11,1.62632E+11,1.14567E+11,1.0942E+11,1.20708E+11,1.40645E+11
Latin America & Caribbean (excluding high income),1.87718E+12,2.0825E+12,2.03338E+12,1.80903E+12,1.84147E+12,2.11865E+12,2.57488E+12,3.02267E+12,3.5855E+12,4.19787E+12,3.93361E+12,4.90459E+12,5.58503E+12,5.62167E+12,5.7486E+12,5.88388E+12,4.99974E+12,4.86158E+12,5.40956E+12,5.20464E+12
Lao PDR,1454430642,1731198022,1768619058,1758176653,2023324407,2366398120,2735558726,3452882514,4222962988,5443915121,5832915387,7127792630,8749241114,10191350120,11942230508,13268458232,14390442307,15805692546,16853087485,17953786416
Lebanon,17391056369,17260364842,17649751244,19152238806,20082918740,21145518600,21489962080,22048664306,24873482492,29227542760,35477299024,38419626534,40075674295,44230727695,46866579768,48296099502,49973893201,51239050083,53393799668,56639155556
Liberia,,874000000,906000000,927000000,748000000,897000000,949000000,1119000000,1373000000,1726000000,1768000000,1998000000,2398000000,2721000000,3067000000,3144000000,3177000000,3277826000,3285455000,3264000000
Libya,35976714101,38270206950,34110064452,20481889764,26265625000,33122307692,47334148578,54961936663,67516236338,87140405361,63028320702,74773444901,34699395524,81873662519,65502870174,41142722414,27842131480,26197143268,37881431913,48364208571
St. Lucia,824732888.9,834327296.3,798333814.8,805069148.1,883314333.3,954317407.4,1015934667,1134567222,1279428222,1286720333,1278745519,1399203481,1444269667,1440016852,1483814333,1559072148,1659110889,1701596815,1816728741,1921848222
Latin America & Caribbean,2.07449E+12,2.28827E+12,2.23882E+12,2.00889E+12,2.05239E+12,2.36534E+12,2.85977E+12,3.35277E+12,3.94951E+12,4.58975E+12,4.31343E+12,5.34767E+12,6.08041E+12,6.14322E+12,6.29512E+12,6.41768E+12,5.52148E+12,5.39358E+12,5.97717E+12,5.80058E+12
Least developed countries: UN classification,1.87831E+11,2.12611E+11,2.02659E+11,2.20117E+11,2.49839E+11,2.8734E+11,3.37477E+11,3.95274E+11,4.74808E+11,5.89195E+11,5.8817E+11,6.74362E+11,7.72709E+11,8.29424E+11,9.00835E+11,9.73459E+11,9.62443E+11,9.72597E+11,1.0916E+12,1.06464E+12
Low income,1.15974E+11,1.38197E+11,1.29523E+11,1.37876E+11,1.49853E+11,1.72519E+11,1.9781E+11,2.22957E+11,2.69645E+11,3.29703E+11,3.38446E+11,3.70612E+11,4.1314E+11,4.5125E+11,4.97213E+11,5.28351E+11,5.20118E+11,5.08652E+11,5.42716E+11,5.8823E+11
Liechtenstein,2664026095,2483953103,2491822707,2688630823,3070691320,3454362686,3659251526,4000239273,4601299567,5081432924,4504549214,5082366478,5739977477,5456009385,6391735894,6657170923,6268391521,6214633651,,
Sri Lanka,15656327860,16330814180,15749753805,16536535647,18881765437,20662525941,24405791045,28279814925,32350248411,40713812310,42066217872,56725749222,65292753005,68434409315,74317806538,79356449841,80604080689,82401038710,88019706804,88900770858
Lower middle income,1.23084E+12,1.29232E+12,1.30939E+12,1.41293E+12,1.62144E+12,1.86108E+12,2.15797E+12,2.59221E+12,3.17696E+12,3.5599E+12,3.64544E+12,4.46926E+12,5.04998E+12,5.29906E+12,5.53342E+12,5.82721E+12,5.78456E+12,6.02434E+12,6.52176E+12,6.70206E+12
Low & middle income,5.48509E+12,5.98603E+12,6.05612E+12,6.18141E+12,6.96452E+12,8.2701E+12,9.86586E+12,1.17452E+13,1.45537E+13,1.747E+13,1.70563E+13,2.06983E+13,2.44402E+13,2.6081E+13,2.76421E+13,2.86586E+13,2.71805E+13,2.72932E+13,2.99439E+13,3.17362E+13
Lesotho,912771290.6,887295267.9,825706961.2,775780697.7,1157832935,1511236656,1682350935,1800105590,1716262753,1758534995,1773199523,2394600945,2792049477,2677545056,2533992455,2608269552,2289799040,2314323471,2565352373,2738786278
Late-demographic dividend,3.09758E+12,3.40227E+12,3.51624E+12,3.72485E+12,4.24518E+12,5.10471E+12,6.16303E+12,7.43804E+12,9.37149E+12,1.16511E+13,1.12601E+13,1.35055E+13,1.64631E+13,1.76099E+13,1.89835E+13,1.96635E+13,1.84242E+13,1.84245E+13,2.03669E+13,2.21832E+13
Lithuania,10972878636,11539211480,12252498921,14278357284,18802576988,22649930576,26125575942,30216060233,39738180077,47850551149,37440673478,37024718365,43419061504,42826586830,46450990764,48485169331,41392396558,43021972485,47632961168,53429066429
Luxembourg,22235929043,21263514833,21272418792,23616328816,29557325056,34685281848,37347394603,42414308117,50888134410,55849686539,51370543206,53212476812,60004630234,56677961787,61739352212,66103853237,57744457955,60691483443,64023412340,70885325883
Latvia,7518044679,7934206257,8334748153,9529948840,11731703358,14355307662,16909366521,21436812139,30897981124,35657998831,26250900751,23796118301,28246551197,28170812352,30276485436,31382780146,27090019663,27734140217,30198231776,34409229178
"Macao SAR, China",6490571704,6720492406,6811227983,7322677820,8195033162,10585624891,12092222042,14789661809,18340447243,20917444920,21475520709,28123640999,36709860068,43031577366,51552075902,55347998648,45361678147,45387299721,50751059058,55084050790
St. Martin (French part),,,,,,,,,,,,,,,,,,,,
Morocco,41632027600,38857251336,39459581217,42236836821,52064058834,59626020162,62343022651,68640825481,79041294874,92507257784,92897320376,93216746662,1.0137E+11,98266306615,1.06826E+11,1.10081E+11,1.0118E+11,1.03312E+11,1.09714E+11,1.17921E+11
Monaco,2906009308,2647883816,2671424966,2905840862,3589126975,4110169853,4203084194,4582988333,5867916781,6476490406,5451653237,5362649007,6080344732,5743029680,6553372278,7060236168,6258844405,6468694690,6415370746,7184844193
Moldova,1170782957,1288429392,1480673594,1661818168,1980907435,2598249556,2988348836,3408244549,4401189466,6054849885,5439422031,6974960426,8414360571,8709165249,9496684622,9510219299,7745231660,8071480541,9669759987,11443671436
Madagascar,3717515283,3877673539,4529575348,4397254608,5474030080,4363934494,5039293031,5515884349,8524620739,10725137931,9616879571,9982711338,11551819618,11578974888,12423555269,12522957228,11323020829,11848613735,13176313594,13853432868
Maldives,589239753.6,624337145.3,870179738.6,897031250,1052121055,1226829563,1163362438,1575200391,1868383461,2271646188,2345294875,2588176055,2774351760,2886170572,3295011382,3697351597,4109424800,4379136462,4735989972,5327457150
Middle East & North Africa,8.66777E+11,9.66989E+11,9.70608E+11,9.66761E+11,1.08916E+12,1.27144E+12,1.53049E+12,1.79141E+12,2.12411E+12,2.64834E+12,2.36858E+12,2.76861E+12,3.28246E+12,3.57583E+12,3.55385E+12,3.56936E+12,3.14592E+12,3.1541E+12,3.27313E+12,3.61054E+12
Mexico,6.00233E+11,7.07907E+11,7.56706E+11,7.72106E+11,7.29336E+11,7.82241E+11,8.77476E+11,9.75387E+11,1.0527E+12,1.10999E+12,9.00045E+11,1.0578E+12,1.18049E+12,1.20109E+12,1.27444E+12,1.31456E+12,1.17056E+12,1.0779E+12,1.15774E+12,1.2207E+12
Marshall Islands,114326300,115347500,122824000,131738200,131398500,133806400,141922500,145474100,153884600,153135800,151772600,162164700,174332100,182874800,187707400,184689500,184599600,200558400,212881000,221278000
Middle income,5.37068E+12,5.85107E+12,5.92857E+12,6.04626E+12,6.8172E+12,8.10007E+12,9.6702E+12,1.15236E+13,1.4285E+13,1.71429E+13,1.67238E+13,2.03266E+13,2.40207E+13,2.56252E+13,2.71441E+13,2.81321E+13,2.66658E+13,2.67871E+13,2.94007E+13,3.11501E+13
North Macedonia,3863743409,3772851420,3709637830,4018365247,4946292775,5682719260,6258600714,6861222332,8336478142,9909548411,9401731496,9407168702,10494632699,9745251126,10817712139,11362272838,10064515432,10672471861,11279509014,12672131053
Mali,3439463140,2954129566,3465305993,3889758024,4703504467,5444474268,6245031690,6899799786,8145694632,9750822511,10181021770,10678749467,12978107561,12442747897,13246412031,14345831015,13099497220,14010787738,15337740141,17163432832
Malta,4127313818,4306192436,4331870648,4689832690,5456583589,6062780269,6394851387,6757119558,7880509171,8977149553,8528202278,8749171417,9510019135,9209873466,10154463059,11303729347,10715545899,11452895367,12768671650,14553422929
Myanmar,,8905066164,6477790688,6777632512,10467109978,10567354056,11986972419,14502553710,20182477481,31862554102,36906181381,49540813342,59977326086,59937797559,60269734045,65446199788,59687410897,63256184700,66719084253,71214803378
Middle East & North Africa (excluding high income),4.35806E+11,4.516E+11,4.67287E+11,4.5358E+11,5.11712E+11,5.93092E+11,6.98659E+11,8.11723E+11,1.00334E+12,1.23568E+12,1.19616E+12,1.38388E+12,1.56896E+12,1.72913E+12,1.62455E+12,1.59871E+12,1.44189E+12,1.45815E+12,1.43962E+12,
Montenegro,,984297589.4,1159869246,1284685051,1707710053,2073234418,2257174481,2721903149,3680710375,4545674528,4159328980,4139192053,4538199889,4087725813,4464261816,4587928884,4052913386,4374128319,4844592067,5504166667
Mongolia,1057408589,1136896124,1267997934,1396555720,1595297356,1992066808,2523471532,3414055566,4234999823,5623216449,4583850368,7189481824,10409797649,12292770631,12582122604,12226514722,11749620620,11186734674,11425755280,13066749138
Northern Mariana Islands,,,,1284000000,1239000000,1210000000,1061000000,990000000,938000000,939000000,795000000,799000000,733000000,751000000,782000000,845000000,931000000,1250000000,1601000000,1323000000
Mozambique,5888561099,5553894130,5311092496,5623299278,6254047514,7589038160,8512116725,9149485071,10423424155,12574681498,11899763735,11087646868,14381552433,16350804543,16974320551,17716084108,15950969019,11936999283,13219084261,14717223207
Mauritania,1405662877,1293654177,1295539954,1324427094,1563074858,1833444740,2184447591,3040716679,3356753170,4031053345,3662279343,4337794153,5166346516,5231255478,5639818812,5391555434,4828858025,4679346591,4905893855,5234817927
Mauritius,4343710333,4663313620,4613630623,4841310240,5816553827,6578844486,6488750453,7028803366,8150138757,9990370016,9128843109,10003670690,11518393367,11668685524,12129642296,12803445934,11692287066,12232463656,13259351418,14220348673
Malawi,1775921718,1743506531,1716502862,3495748398,3208837077,3476094499,3655909664,3998020177,4432937046,5321012192,6191127665,6959655571,8004000737,6028487929,5518880769,6047813437,6373212641,5433040160,6303292264,7064971176
Malaysia,79148421053,93789736842,92783947368,1.00846E+11,1.10202E+11,1.24749E+11,1.43534E+11,1.62691E+11,1.93548E+11,2.30814E+11,2.02258E+11,2.55017E+11,2.97952E+11,3.14443E+11,3.23277E+11,3.38062E+11,3.01355E+11,3.01255E+11,3.18958E+11,3.58582E+11
North America,1.03101E+13,1.09981E+13,1.13219E+13,1.16983E+13,1.23548E+13,1.32414E+13,1.42109E+13,1.51354E+13,1.59227E+13,1.62681E+13,1.58259E+13,1.66113E+13,1.73373E+13,1.80265E+13,1.86324E+13,1.9329E+13,1.97781E+13,2.02399E+13,2.11386E+13,2.22643E+13
Namibia,3818954448,3833993703,3476452446,3275669889,4811994025,6480441754,7121391946,7835043624,8740865600,8486721917,8876191121,11282192605,12409629836,13016272899,12717790505,12786078008,11650656642,11286139080,13566192144,14521711634
New Caledonia,3056999988,2682347064,,,,,,,,,,,,,,,,,,
Niger,2018193703,1798374468,1945327565,2170481509,2731416346,3052898739,3405134832,3646728060,4291363391,5379299888,5373097441,5718664505,6409184724,6942258305,7667952566,8229731384,7217667781,7528285444,8119710126,9290938457
Nigeria,59372613486,69448756933,74030364472,95385819321,1.04912E+11,1.36386E+11,1.76134E+11,2.36104E+11,2.75626E+11,3.37036E+11,2.9188E+11,3.6336E+11,4.10335E+11,4.59376E+11,5.14966E+11,5.68499E+11,4.94583E+11,4.0465E+11,3.75745E+11,3.9727E+11
Nicaragua,4855717875,5107329007,5323146566,5224213018,5322454926,5795568205,6321335612,6763688105,7423367753,8496998229,8298729074,8758639096,9774351931,10532006608,10982938826,11880395548,12756706583,13286048705,13843612005,13117845417
Netherlands,4.46899E+11,4.16443E+11,4.31213E+11,4.71614E+11,5.78792E+11,6.57172E+11,6.85093E+11,7.33341E+11,8.47482E+11,9.47998E+11,8.68077E+11,8.46555E+11,9.04086E+11,8.38971E+11,8.76924E+11,8.90981E+11,7.65265E+11,7.83528E+11,8.3181E+11,9.13658E+11
Norway,1.62284E+11,1.71247E+11,1.73972E+11,1.95524E+11,2.28859E+11,2.64512E+11,3.08884E+11,3.45581E+11,4.00937E+11,4.6225E+11,3.8619E+11,4.28757E+11,4.98283E+11,5.09506E+11,5.22762E+11,4.9841E+11,3.85802E+11,3.68827E+11,3.98394E+11,4.34167E+11
Nepal,5033642384,5494252208,6007055042,6050875807,6330473097,7273938315,8130258041,9043715356,10325618017,12545438605,12854985464,16002656434,18913574371,18851513891,19271168018,20002968838,21410840909,21185922408,25180583770,29040398982
Nauru,,,,,,,,,20439158.42,39291316.03,44294212.93,49235796.71,72680074.93,103833367.7,108634964.6,117009639.2,99966636.16,102052700.5,113884908.4,125628504.3
New Zealand,58762260626,52623281957,53872425917,66627729311,88250885550,1.03905E+11,1.1472E+11,1.11609E+11,1.37316E+11,1.3328E+11,1.21339E+11,1.46584E+11,1.68462E+11,1.76194E+11,1.90784E+11,2.00834E+11,1.77208E+11,1.87854E+11,2.02591E+11,2.04924E+11
OECD members,2.68267E+13,2.73845E+13,2.71404E+13,2.83143E+13,3.16972E+13,3.52747E+13,3.7289E+13,3.93404E+13,4.30256E+13,4.55752E+13,4.26631E+13,4.47056E+13,4.80558E+13,4.79846E+13,4.86172E+13,4.9644E+13,4.68961E+13,4.77945E+13,4.98067E+13,5.26762E+13
Oman,15710148244,19507412224,19452015605,20142782835,21633810143,24763589077,31081924577,37215864759,42085305592,60905331599,48388296489,58642392718,67937581274,76689206762,78784395319,81076723017,68921456437,65941482445,70597919376,79276723017
Other small states,80843311483,91477185767,90955180963,98101207751,1.22018E+11,1.52075E+11,1.84921E+11,2.17723E+11,2.66542E+11,3.26857E+11,2.79807E+11,3.25676E+11,4.02076E+11,4.21828E+11,4.36749E+11,4.49203E+11,3.71882E+11,3.67309E+11,4.05663E+11,4.52306E+11
Pakistan,62973855719,73952374970,72309738921,72306820396,83244801093,97977766198,1.09502E+11,1.37264E+11,1.52386E+11,1.70078E+11,1.68153E+11,1.77166E+11,2.13587E+11,2.24384E+11,2.31219E+11,2.44361E+11,2.70556E+11,2.78655E+11,3.04567E+11,3.14588E+11
Panama,12130252200,12304115000,12502013400,12994310400,13693981200,15013381700,16374393900,18141666300,21295984200,25155888600,27116635600,29440300000,34686200000,40429700000,45600000000,49921500000,54091700000,57957600000,62283800000,65055100000
Peru,50187324568,51744749133,52030158775,54777553515,58731030122,66768703498,76060606061,88643193062,1.02171E+11,1.20551E+11,1.20823E+11,1.47529E+11,1.71762E+11,1.92649E+11,2.01175E+11,2.00789E+11,1.89805E+11,1.91896E+11,2.11007E+11,2.22045E+11
Philippines,82995145793,81026300310,76262072467,81357605642,83908206648,91371242495,1.03072E+11,1.22211E+11,1.4936E+11,1.74195E+11,1.68335E+11,1.99591E+11,2.24143E+11,2.50092E+11,2.71836E+11,2.84585E+11,2.92774E+11,3.04898E+11,3.1362E+11,3.3091E+11
Palau,,146113700,156737100,163026600,153761900,164886100,184468800,189028900,194630300,198024400,183369300,183498800,193143900,211103300,223388400,243147000,280376100,300125600,286321800,283994900
Papua New Guinea,3477038204,3521339699,3081024212,2999511040,3536411824,3927157867,4865892972,8355006711,9545177005,11670840924,11619637816,14250755222,17984910496,21295659249,21261432775,23210682537,21723531182,20759069105,22742613549,23497607690
Poland,1.69718E+11,1.71886E+11,1.90521E+11,1.98681E+11,2.17513E+11,2.55102E+11,3.06125E+11,3.44749E+11,4.29064E+11,5.33816E+11,4.39796E+11,4.79321E+11,5.28832E+11,5.00361E+11,5.24234E+11,5.45389E+11,4.77577E+11,4.72028E+11,5.26216E+11,5.85664E+11
Pre-demographic dividend,2.11383E+11,2.40814E+11,2.37819E+11,2.8281E+11,3.22281E+11,3.94515E+11,4.92139E+11,6.2434E+11,7.5628E+11,9.53401E+11,8.60165E+11,1.01643E+12,1.18548E+12,1.31098E+12,1.43653E+12,1.53209E+12,1.34324E+12,1.23606E+12,1.31727E+12,1.32157E+12
Puerto Rico,57841000000,61701800000,69208400000,71623500000,74827400000,80322313000,83914521300,87276164400,89524131600,93639300000,96385600000,98381300000,1.00352E+11,1.01565E+11,1.0245E+11,1.02446E+11,1.03376E+11,1.04337E+11,1.0425E+11,1.01131E+11
"Korea, Dem. Peopleâ€™s Rep.",,,,,,,,,,,,,,,,,,,,
Portugal,1.27427E+11,1.18311E+11,1.21499E+11,1.34156E+11,1.64862E+11,1.89035E+11,1.9718E+11,2.08582E+11,2.40191E+11,2.62345E+11,2.43702E+11,2.37881E+11,2.44797E+11,2.16237E+11,2.2637E+11,2.29596E+11,1.99314E+11,2.06286E+11,2.20811E+11,2.40675E+11
Paraguay,8837070236,8855705140,8495806432,7196260657,7691367471,9624440836,10737500188,13429430050,17856270473,24578067861,22341754514,27215968616,33715524704,33283228891,38585317743,40276532541,36164068797,36054281572,39008900332,40496953779
West Bank and Gaza,4271200000,4313600000,4003700000,3555800000,3968000000,4329200000,4831800000,4910100000,5505800000,6673500000,7268200000,8913100000,10465400000,11279400000,12476000000,12715600000,12673000000,13425700000,14498100000,14615900000
Pacific island small states,3735824874,3449893382,3380977572,3554605630,4157497429,4796185849,5271640968,5538523376,6103609352,6533049013,5800571264,6434900058,7631695342,8103477898,8401992508,9126129404,8908674905,9315360628,10011104666,10381220343
Post-demographic dividend,2.58373E+13,2.62675E+13,2.60277E+13,2.71401E+13,3.04365E+13,3.38159E+13,3.55942E+13,3.74644E+13,4.08758E+13,4.3212E+13,4.07204E+13,4.24722E+13,4.56092E+13,4.55573E+13,4.60067E+13,4.69491E+13,4.44271E+13,4.54052E+13,4.72729E+13,5.00903E+13
French Polynesia,3797016069,3447543138,,,,,,,,,,,,,,,,,,
Qatar,12393131868,17759890110,17538461538,19363736264,23533791209,31734065934,44530494505,60882142857,79712087912,1.1527E+11,97798351648,1.25122E+11,1.67775E+11,1.86834E+11,1.98728E+11,2.06225E+11,1.6174E+11,1.51732E+11,1.66929E+11,1.91362E+11
Romania,35952781582,37253259017,40394824679,46066101951,57806506024,74972669057,98452791983,1.22023E+11,1.74585E+11,2.14314E+11,1.74104E+11,1.66225E+11,1.83443E+11,1.71196E+11,1.90949E+11,1.99627E+11,1.77893E+11,1.88494E+11,2.11695E+11,2.39553E+11
Russian Federation,1.95907E+11,2.5971E+11,3.06602E+11,3.4547E+11,4.30348E+11,5.91017E+11,7.64017E+11,9.89931E+11,1.29971E+12,1.66085E+12,1.22264E+12,1.52492E+12,2.05166E+12,2.21026E+12,2.29713E+12,2.05998E+12,1.36359E+12,1.28272E+12,1.57862E+12,1.65755E+12
Rwanda,1817654508,1734938652,1674685248,1677552332,1846198771,2088961969,2581313486,3194248866,3875655218,4924731466,5450464409,5849863213,6646901208,7428848122,7621924854,8016593394,8277614581,8475622319,9140429058,9508715596
South Asia,5.98385E+11,6.22358E+11,6.38696E+11,6.70029E+11,7.82487E+11,9.07307E+11,1.04003E+12,1.19609E+12,1.50419E+12,1.52747E+12,1.68346E+12,2.06078E+12,2.27184E+12,2.29733E+12,2.35713E+12,2.58182E+12,2.69726E+12,2.91999E+12,3.34711E+12,3.45242E+12
Saudi Arabia,1.61717E+11,1.89515E+11,1.84137E+11,1.89606E+11,2.15808E+11,2.58742E+11,3.2846E+11,3.769E+11,4.15965E+11,5.19797E+11,4.29098E+11,5.28207E+11,6.71239E+11,7.35975E+11,7.46647E+11,7.5635E+11,6.5427E+11,6.44936E+11,6.88586E+11,7.86522E+11
Sudan,10682045258,12257418326,13182979784,14803189093,17646503525,21457470203,26524538566,35822408612,45898948564,54526580232,53150209168,65634109237,67327289320,68125631150,72065940086,82151588419,96741742022,95558220777,1.23053E+11,40851536134
Senegal,6512207622,5924239701,6174898370,6752510283,8683229268,10167441854,11022821632,11847848225,14285970085,16949789465,16248212852,16215069256,17878780185,17825417949,18960182371,19770840286,17767704597,19027392876,21081669870,24129599552
Singapore,86284660767,96074477958,89794943350,92537752709,97645448284,1.15035E+11,1.27808E+11,1.4863E+11,1.80942E+11,1.93612E+11,1.94152E+11,2.39809E+11,2.79351E+11,2.95087E+11,3.07576E+11,3.14851E+11,3.08004E+11,3.18068E+11,3.38406E+11,3.64157E+11
Solomon Islands,482214092.3,435103853.5,400463452.1,341661643.6,332738245.9,375111894.9,413909879.3,456705434,516074229,608229326.7,597765363.1,681151193.5,932725583.3,1063879446,1129787198,1172268301,1154650069,1230459710,1309631135,1395608472
Sierra Leone,669384768.9,635874002.2,1090467712,1253340520,1385810072,1448536631,1650494367,1885112202,2158496873,2505458705,2453899847,2578026297,2942546781,3801862611,4920343195,5015157816,4218723875,3674794530,3739577973,4085114794
El Salvador,11284197000,11784927700,12282533600,12664190300,13243892200,13724810900,14698001400,15999886400,17011750900,17986890000,17601620000,18448000000,20284000000,21386000000,21991000000,22593000000,23438000000,24154000000,24928000000,26057000000
San Marino,1215640315,1101897918,1160626398,1253529080,1600451467,1877328036,1958711603,2092585623,2488365727,2752307016,2363156432,2139072848,2054489853,1800077091,1865374403,1788510017,1523012088,1564380531,1632860041,
Somalia,,,,,,,,,,,,,,,3892402685,3963532309,4048860871,4198485404,4508845348,4720727278
Serbia,18409364147,6540247190,12267175481,16116843146,21188704081,24861483281,27683225959,32482070360,43170990616,52194221469,45162894381,41819468692,49258136129,43309252921,48394239475,47062206678,39628550869,40630392019,44120424392,50597289147
Sub-Saharan Africa (excluding high income),3.71884E+11,3.96328E+11,3.77895E+11,4.11949E+11,5.16663E+11,6.43996E+11,7.6426E+11,9.08643E+11,1.05616E+12,1.21088E+12,1.14991E+12,1.37053E+12,1.55207E+12,1.63968E+12,1.74638E+12,1.82936E+12,1.66243E+12,1.55521E+12,1.68976E+12,1.70836E+12
South Sudan,,,,,,,,,,14586253366,12231264525,14602072425,14907308934,11931472173,18426469030,13962212837,11997800751,,,
Sub-Saharan Africa,3.72512E+11,3.96946E+11,3.78522E+11,4.12652E+11,5.17373E+11,6.44839E+11,7.65183E+11,9.09663E+11,1.0572E+12,1.21185E+12,1.15076E+12,1.3715E+12,1.55314E+12,1.64074E+12,1.74771E+12,1.8307E+12,1.66381E+12,1.55664E+12,1.69126E+12,1.70995E+12
Small states,1.165E+11,1.29153E+11,1.29609E+11,1.38667E+11,1.65721E+11,2.00133E+11,2.39109E+11,2.77903E+11,3.33579E+11,4.02512E+11,3.4378E+11,3.95383E+11,4.78093E+11,5.00575E+11,5.17157E+11,5.31272E+11,4.52389E+11,4.44683E+11,4.85229E+11,5.36147E+11
Sao Tome and Principe,,,75951127.73,85171074.21,102085766.5,114582285.8,136450661.3,142775106.8,149146923.1,188021168.8,187821029,197454052.1,233213521.7,252560556,302925488.1,348941656.4,318265835.3,347545391.8,375040173.8,422296762.3
Suriname,886290697.7,947671969.7,834279357.8,1093574468,1274190311,1484092538,1793388732,2626380435,2936612022,3532969035,3875409836,4368398048,4422276622,4980000000,5145757576,5240606061,4787367928,3166040523,3068766110,3590753769
Slovak Republic,30453383763,29169953013,30752150336,35130340674,46816589165,57332015148,62785305310,70708098106,86454081577,1.0047E+11,89046289247,90183986822,98997521242,94416582465,98723944144,1.01171E+11,88457167724,89640741266,95241436352,1.05905E+11
Slovenia,22711383652,20289627637,20876309576,23489889975,29634713063,34414784504,36206396344,39481044913,48006373118,55552508715,50368056543,48161250935,51516367350,46580457470,48401896410,49930685013,43090173062,44651537260,48441722816,54007972106
Sweden,2.72293E+11,2.61337E+11,2.41019E+11,2.65336E+11,3.32269E+11,3.82624E+11,3.89752E+11,4.20224E+11,4.87973E+11,5.15414E+11,4.35114E+11,4.95329E+11,5.72744E+11,5.50927E+11,5.84638E+11,5.80249E+11,5.03651E+11,5.15744E+11,5.40545E+11,5.56086E+11
Eswatini,1547884442,1738100848,1542477355,1432228173,2197612761,2770082815,3178126548,3291353813,3469363931,3294093360,3580417157,4438778554,4820499498,4886658800,4597702898,4422304977,4073390988,3840677845,4446248678,4710618472
Sint Maarten (Dutch part),,,,,,,,,,,,,,,,,,,,
Seychelles,622985493.7,614879764.8,622262057.2,697518248.2,705704816,839319927.3,919103254.5,1016418229,1033561654,967199594,847397850.1,969936525.3,1065826670,1060226126,1328157609,1343007845,1377495054,1427524565,1503168690,1590180446
Syrian Arab Republic,15873875969,19325894913,21099833784,21582248882,21828144686,25086930693,28858965517,33332844575,40405006007,,,,,,,,,,,
Turks and Caicos Islands,,,358744800,366707910,409753640,485598810,578645760,721891470,773489740,862683630,703175750,686787810,728789570,715722770,740776770,823968140,893501650,950357510,962525840,1022312010
Chad,1534673583,1385058162,1709347793,1987622279,2736666516,4414929220,6646663561,7422102656,8638711443,10351932604,9253484108,10657705536,12156380425,12368071039,12949854263,13922223234,10945989472,10090922857,9975692095,11273115239
East Asia & Pacific (IDA & IBRD countries),1.5732E+12,1.73161E+12,1.84235E+12,2.03906E+12,2.30798E+12,2.67669E+12,3.10088E+12,3.73493E+12,4.72163E+12,5.97593E+12,6.47794E+12,7.85369E+12,9.59618E+12,1.07006E+13,1.18049E+13,1.26896E+13,1.32027E+13,1.34366E+13,1.4623E+13,1.62533E+13
Europe & Central Asia (IDA & IBRD countries),8.20024E+11,8.91499E+11,9.06917E+11,1.01879E+12,1.25216E+12,1.62164E+12,2.03229E+12,2.45885E+12,3.16205E+12,3.91485E+12,3.10579E+12,3.64689E+12,4.43438E+12,4.62738E+12,4.90963E+12,4.64032E+12,3.61676E+12,3.48468E+12,3.90531E+12,4.05733E+12
Togo,1576094566,1488185772,1481141850,1698678686,2111093198,2255942249,2280575830,2349495621,2659095101,3310277927,3365711796,3426022206,3867391618,3873529926,4320427496,4569131195,4179185205,4483932937,4808043653,5358722983
Thailand,1.26669E+11,1.26392E+11,1.20297E+11,1.34301E+11,1.52281E+11,1.72895E+11,1.89318E+11,2.21758E+11,2.62943E+11,2.91383E+11,2.8171E+11,3.41105E+11,3.70819E+11,3.97558E+11,4.20333E+11,4.07339E+11,4.01296E+11,4.12353E+11,4.55276E+11,5.04993E+11
Tajikistan,1086605267,860521119.3,1080768907,1221120799,1555301496,2076182461,2312327536,2830220713,3719506173,5161337336,4979481980,5642178580,6522732203,7633049792,8448469838,9112544556,7854602392,6952678127,7157865188,7522947810
Turkmenistan,2450564468,2904662605,3534803922,4461978499,5977560877,6838351088,8103901996,10276674365,12664165103,19271523179,20214385965,22583157895,29233333333,35164210526,39197543860,43524210526,35799714286,36180000000,37926285714,40761142857
Latin America & the Caribbean (IDA & IBRD countries),1.96809E+12,2.17435E+12,2.11618E+12,1.8821E+12,1.9196E+12,2.22309E+12,2.70652E+12,3.18262E+12,3.76888E+12,4.40226E+12,4.12386E+12,5.1526E+12,5.87833E+12,5.93511E+12,6.08226E+12,6.2007E+12,5.29309E+12,5.15863E+12,5.73698E+12,5.55976E+12
Timor-Leste,,439646100,517708500,510677000,543315600,1078373700,1813708100,2657842700,2881040200,4391368100,3199666700,3998961300,5672048700,6661664600,5637671700,4041637000,3092624800,2503532100,2487269400,2581000000
Middle East & North Africa (IDA & IBRD countries),4.31479E+11,4.47237E+11,4.63265E+11,4.50029E+11,5.07753E+11,5.88792E+11,6.93863E+11,8.06858E+11,9.97895E+11,1.22908E+12,1.18893E+12,1.37499E+12,1.5585E+12,1.71787E+12,1.612E+12,1.5859E+12,1.42908E+12,1.44456E+12,1.4249E+12,
Tonga,196686674.7,202363492.2,181244788.5,182737040.1,202543202,229358214.8,262176133.7,294137737.1,300143056.9,349484427.6,318166562.8,369485198.8,423011844.3,472358251.2,450686353.7,443911052.3,435438217.3,401109307.4,430174168.7,450353313.9
South Asia (IDA & IBRD),5.98385E+11,6.22358E+11,6.38696E+11,6.70029E+11,7.82487E+11,9.07307E+11,1.04003E+12,1.19609E+12,1.50419E+12,1.52747E+12,1.68346E+12,2.06078E+12,2.27184E+12,2.29733E+12,2.35713E+12,2.58182E+12,2.69726E+12,2.91999E+12,3.34711E+12,3.45242E+12
Sub-Saharan Africa (IDA & IBRD countries),3.72512E+11,3.96946E+11,3.78522E+11,4.12652E+11,5.17373E+11,6.44839E+11,7.65183E+11,9.09663E+11,1.0572E+12,1.21185E+12,1.15076E+12,1.3715E+12,1.55314E+12,1.64074E+12,1.74771E+12,1.8307E+12,1.66381E+12,1.55664E+12,1.69126E+12,1.70995E+12
Trinidad and Tobago,6808982521,8154338233,8824873259,9008273721,11305459802,13280275123,15982282462,18369361094,21641620050,27871587350,19172165226,22157948396,25433011405,25763220107,27268478565,27615843098,25062893969,22284780327,22474828527,23808146748
Tunisia,22943685719,21473188882,22066101341,23142294436,27453084983,31183139301,32273007554,34378437265,38908069299,44856586316,43454935940,44050929160,45810626509,45044112939,46251061734,47632326088,43173480832,41802653631,39813383484,39871132268
Turkey,2.55884E+11,2.72979E+11,2.00252E+11,2.38428E+11,3.11823E+11,4.04787E+11,5.01416E+11,5.52487E+11,6.7577E+11,7.64336E+11,6.4464E+11,7.71902E+11,8.32524E+11,8.73982E+11,9.50579E+11,9.34186E+11,8.59797E+11,8.63722E+11,8.52677E+11,7.7135E+11
Tuvalu,13687141.11,13742057.05,13196544.95,15450994.24,18231078.54,21534931.61,21839098.89,22902861.45,27030996.03,30290770.26,27101312.79,31824701.28,38713279.62,37671734.49,37507514.54,37291841.43,35492333.86,36547419.87,40620557.13,42587778.47
Tanzania,12711213451,13375976354,13581644246,14142035080,15224257698,16675948415,18399046025,18649590248,21843529025,27941177435,29081425282,32014249841,34657139495,39650530214,45680532614,49964788814,47378599025,49774021003,53320625959,58001200572
Uganda,5998563258,6193246837,5840503869,6178563591,6336696289,7940362799,9013834373,9942597780,12292813603,14239026630,18168902154,20186496527,20176025257,23114293416,24599550624,27291879819,27102650387,24133664285,25995031850,27461440192
Ukraine,31580639045,31261527363,37972301335,42351593887,50084197498,64819702952,86057915585,1.07648E+11,1.4258E+11,1.79817E+11,1.17113E+11,1.36013E+11,1.6316E+11,1.75781E+11,1.8331E+11,1.33503E+11,91030959455,93355993629,1.1219E+11,1.30832E+11
Upper middle income,4.13994E+12,4.55886E+12,4.61927E+12,4.63297E+12,5.19524E+12,6.2388E+12,7.51209E+12,8.93125E+12,1.1108E+13,1.35829E+13,1.30783E+13,1.58574E+13,1.89708E+13,2.03262E+13,2.16101E+13,2.23043E+13,2.08748E+13,2.07516E+13,2.28686E+13,2.44461E+13
Uruguay,23983945191,22823255802,20898788417,13606494599,12045631093,13686329890,17362857685,19579457965,23410572633,30366213118,31660911279,40284481653,47962439303,51264390114,57531233351,57236013058,53274304222,52687612262,56488991831,59596885024
United States,9.63066E+12,1.02523E+13,1.05818E+13,1.09364E+13,1.14582E+13,1.22137E+13,1.30366E+13,1.38146E+13,1.44519E+13,1.47128E+13,1.44489E+13,1.49921E+13,1.55426E+13,1.6197E+13,1.67848E+13,1.75217E+13,1.82193E+13,1.87072E+13,1.94854E+13,2.05443E+13
Uzbekistan,17078465982,13760513969,11401421329,9687788513,10134453435,12030023548,14307509839,17330833853,22311393928,29549438884,33689223673,46679875794,56516280748,63628854499,68997168338,76658542757,81847410182,81779012351,59159945321,50499921558
St. Vincent and the Grenadines,390719148.1,396261370.4,430039296.3,461883444.4,481806296.3,521975111.1,550728666.7,610930037,684446259.3,695428851.9,674922481.5,681225963,676129407.4,692933740.7,721207407.4,727714814.8,755400000,774429629.6,792177777.8,811300000
"Venezuela, RB",97976886247,1.17141E+11,1.22904E+11,92893587734,83620628582,1.12453E+11,1.4551E+11,1.83478E+11,2.30364E+11,3.15953E+11,3.29788E+11,3.93192E+11,3.16482E+11,3.81286E+11,3.71005E+11,4.82359E+11,,,,
British Virgin Islands,,,,,,,,,,,,,,,,,,,,
Virgin Islands (U.S.),,,,3269000000,3453000000,3799000000,4439000000,4504000000,4803000000,4250000000,4203000000,4339000000,4239000000,4095000000,3762000000,3622000000,3748000000,3863000000,3855000000,
Vietnam,28683659007,31172518403,32685198735,35064105501,39552513316,45427854693,57633255618,66371664817,77414425532,99130304099,1.06015E+11,1.15932E+11,1.35539E+11,1.5582E+11,1.71222E+11,1.86205E+11,1.93241E+11,2.05276E+11,2.2378E+11,2.45214E+11
Vanuatu,267999225.3,272014693.1,257926881.7,262603781.8,314463144,364996869.1,394962552.3,439376794.1,526428309.9,607958616.1,610066628.7,700804286.2,792149700.7,781702874.1,801787555.9,814954307,759689950.9,804332795.6,880043553.7,914301119.3
World,3.25427E+13,3.35877E+13,3.33958E+13,3.46739E+13,3.89023E+13,4.38165E+13,4.74573E+13,5.14482E+13,5.79682E+13,6.36116E+13,6.03342E+13,6.60512E+13,7.33932E+13,7.50852E+13,7.72371E+13,7.93334E+13,7.50502E+13,7.61646E+13,8.09514E+13,8.59106E+13
Samoa,258833766.6,269019710.3,273088357.2,288078881.4,338838639.4,420320176.4,465568018.3,505832439.8,570469196.7,619260721.6,584706020.2,663161528.4,737401684.1,760549577.7,770021643.6,756919933.5,788307314.9,799376440,831903814.1,820491798.3
Kosovo,,1849196082,2535333632,2406270658,2790455728,3556757429,3663101604,3846819721,4655899261,5687361945,5653823284,5830415894,6692431193,6499759733,7071982209,7386883375,6440067650,6714726770,7227700023,7938990793
"Yemen, Rep.",7641102523,9652436180,9861560095,10694628092,11777966673,13872791659,16746344766,19061978586,21650532264,26910851362,25130274124,30906749533,32726417878,35401339869,40415233436,43228585321,42628328212,30968242968,26818703093,26914402224
South Africa,1.36632E+11,1.36361E+11,1.21515E+11,1.15482E+11,1.75257E+11,2.2859E+11,2.57773E+11,2.71638E+11,2.99416E+11,2.8677E+11,2.95936E+11,3.75349E+11,4.16419E+11,3.96333E+11,3.66829E+11,3.50905E+11,3.17621E+11,2.96357E+11,3.49554E+11,3.68289E+11
Zambia,3404311977,3600683040,4094480988,4193845678,4901839731,6221077675,8331870169,12756858899,14056957976,17910858638,15328342304,20265556274,23460098340,25503370699,28045460442,27150630607,21243350633,20954754378,25868142077,26720073436
Zimbabwe,6858013100,6689957600,6777384700,6342116400,5727591800,5805598400,5755215200,5443896500,5291950100,4415702800,9665793300,12041655200,14101920300,17114849900,19091020000,19495519600,19963120600,20548678100,22813010116,31000519447
